id,source_type,status,title,category,year,location_name,address,city,latitude,longitude,summary,source_url
https://sd13.senate.ca.gov/news/press-release/december-21-2023/in-fight-to-provide-farmworker-housing-senator-becker-secures-2,press_release,approved,$2 million secured for farmworker & senior housing in Half Moon Bay,housing,2023,Senior & Farmworker Housing project,555 Kelly Avenue,Half Moon Bay,37.4645093,-122.4384145,Senator Becker secured $2 million in the state budget to help build affordable housing for Half Moon Bay's farmworker and senior residents. The funds support the Senior and Farmworker Housing project at 555 Kelly Avenue.,https://sd13.senate.ca.gov/news/press-release/december-21-2023/in-fight-to-provide-farmworker-housing-senator-becker-secures-2
https://sd13.senate.ca.gov/news/press-release/november-23-2022/media-advisory-senator-josh-becker-to-present-445-million-check,press_release,approved,$4.45 million secured to convert a parking lot into a downtown park,environment,2022,New downtown public park (former parking lot),1012 Main Street,Redwood City,37.4839330,-122.2264025,Becker secured $4.45 million in the state budget to help turn a downtown parking lot into a new public park next to the Redwood City Public Library. He presented the funding to city officials in November 2022.,https://sd13.senate.ca.gov/news/press-release/november-23-2022/media-advisory-senator-josh-becker-to-present-445-million-check
https://sd13.senate.ca.gov/news/press-release/november-18-2022/senator-josh-becker-to-present-2-million-check-to-palo-alto,press_release,approved,$2 million secured to replace the Newell Road Bridge,transportation,2022,Newell Road Bridge (over San Francisquito Creek),Newell Road,Palo Alto,37.4413740,-122.1371140,"Becker secured $2 million in the state budget to help replace the Newell Road Bridge, an aging span classified as functionally obsolete that links Palo Alto and East Palo Alto over San Francisquito Creek.",https://sd13.senate.ca.gov/news/press-release/november-18-2022/senator-josh-becker-to-present-2-million-check-to-palo-alto
https://sd13.senate.ca.gov/news/press-release/february-2-2024/senator-becker-invests-2-million-to-make-dream-black-history,press_release,approved,$2 million secured for a permanent Black History Museum,education,2024,Domini Hoskins Black History Museum,,Redwood City,37.4863239,-122.2325230,Becker negotiated $2 million in state funds to help the Domini Hoskins Black History Museum move from a pop-up to a permanent home. He presented the funding to the museum's leaders in Redwood City in February 2024.,https://sd13.senate.ca.gov/news/press-release/february-2-2024/senator-becker-invests-2-million-to-make-dream-black-history
https://sd13.senate.ca.gov/news/press-release/december-8-2023/senator-josh-becker-presents-check-15-million-to-the-community,press_release,approved,$1.5 million secured for a Mountain View social-services agency,health,2023,Community Services Agency (CSA) of Mountain View,,Mountain View,37.3893889,-122.0832101,"Becker secured $1.5 million in state funds for the Community Services Agency of Mountain View, Los Altos and Los Altos Hills, which provides social services to local families. He presented the check at the agency's Mountain View headquarters.",https://sd13.senate.ca.gov/news/press-release/december-8-2023/senator-josh-becker-presents-check-15-million-to-the-community
https://sd13.senate.ca.gov/news/press-release/november-10-2022/senator-josh-becker-to-present-45-million-check-to-menlo-park#4-5-million-secured-for-home-electrifica,research-batch,approved,$4.5 million secured for home electrification in Menlo Park,energy,2022,City of Menlo Park electrification program,,Menlo Park,37.4519671,-122.1779920,Becker secured $4.5 million in the state budget to help Menlo Park electrify homes and municipal buildings — replacing gas appliances with electric ones — starting in the Belle Haven neighborhood. He presented the funds to the City Council in November 2022.,https://sd13.senate.ca.gov/news/press-release/november-10-2022/senator-josh-becker-to-present-45-million-check-to-menlo-park
https://sd13.senate.ca.gov/news/press-release/june-28-2022/legislature-to-vote-more-12-million-in-peninsula-investments#1-million-secured-for-entrepreneurship-a,research-batch,approved,$1 million secured for entrepreneurship and job training in South San Francisco,jobs,2022,City of South San Francisco,400 Grand Avenue,South San Francisco,37.6547,-122.4197,"Becker secured $1 million in the 2022 state budget for South San Francisco to fund programs across North San Mateo County that support entrepreneurship, help small businesses, and provide job training for unemployed and underemployed residents.",https://sd13.senate.ca.gov/news/press-release/june-28-2022/legislature-to-vote-more-12-million-in-peninsula-investments
https://sd13.senate.ca.gov/news/press-release/june-28-2022/legislature-to-vote-more-12-million-in-peninsula-investments#500-000-secured-for-a-construction-trade,research-batch,approved,"$500,000 secured for a construction-trades apprenticeship program in San Mateo County",jobs,2022,San Mateo County Union Community Alliance,,San Mateo,37.4969040,-122.3330573,"Becker secured $500,000 in the 2022 state budget for the San Mateo County Union Community Alliance's 20-week Trades Introduction Program, which helps women, people of color, and other underrepresented residents enter green construction trades, with support such as transportation and childcare.",https://sd13.senate.ca.gov/news/press-release/june-28-2022/legislature-to-vote-more-12-million-in-peninsula-investments
https://sd13.senate.ca.gov/news/july-13-2021/senator-becker-cheers-state-budgets-18m-investment-advance-big-lift-jobtrain#5-million-secured-for-jobtrain-s-center-,research-batch,approved,$5 million secured for JobTrain's Center for Economic Mobility in East Palo Alto,jobs,2021,JobTrain Center for Economic Mobility,2535 Pulgas Avenue,East Palo Alto,37.4741170,-122.1319906,"Becker secured $5 million in the 2021 state budget to help build JobTrain's new Center for Economic Mobility in East Palo Alto, a facility for job training, workforce services, and youth and early-childhood programs. The state funds were matched by a grant from the Emerson Collective.",https://sd13.senate.ca.gov/news/july-13-2021/senator-becker-cheers-state-budgets-18m-investment-advance-big-lift-jobtrain
https://sd13.senate.ca.gov/news/july-13-2021/senator-becker-cheers-state-budgets-18m-investment-advance-big-lift-jobtrain#500-000-secured-to-repair-the-pacifica-p,research-batch,approved,"$500,000 secured to repair the Pacifica Pier",infrastructure,2021,Pacifica Municipal Pier,2100 Beach Boulevard,Pacifica,37.6333703,-122.4944410,"Becker secured $500,000 in the 2021 state budget to repair the Pacifica Pier, fixing damaged railings and deterioration so the popular fishing and recreation pier could stay open to the public.",https://sd13.senate.ca.gov/news/july-13-2021/senator-becker-cheers-state-budgets-18m-investment-advance-big-lift-jobtrain
https://sd13.senate.ca.gov/news/press-release/june-29-2023/legislature-approves-balanced-budget-supports-key-senate-district#1-million-secured-for-senior-affordable-,research-batch,approved,$1 million secured for senior affordable housing in North Fair Oaks,housing,2023,Alta Housing North Fair Oaks Senior Housing Project,,Redwood City,37.4757,-122.1969,"Becker secured $1 million in the 2023 state budget for pre-development costs of Alta Housing's North Fair Oaks senior affordable housing project, to be built on land the nonprofit already owns in the North Fair Oaks area near Redwood City.",https://sd13.senate.ca.gov/news/press-release/june-29-2023/legislature-approves-balanced-budget-supports-key-senate-district
https://sd13.senate.ca.gov/news/press-release/june-29-2023/legislature-approves-balanced-budget-supports-key-senate-district#300-000-secured-for-park-and-community-p,research-batch,approved,"$300,000 secured for park and community projects in Millbrae",infrastructure,2023,Bayside Manor and Marina Vista Park,,Millbrae,37.5989580,-122.4009410,"Becker secured $300,000 in the 2023 state budget for the City of Millbrae to support its Bayside Manor and Marina Vista Park projects, working alongside Assemblymember Diane Papan.",https://sd13.senate.ca.gov/news/press-release/june-29-2023/legislature-approves-balanced-budget-supports-key-senate-district
https://sd13.senate.ca.gov/news/press-release/june-29-2023/legislature-approves-balanced-budget-supports-key-senate-district#300-000-secured-for-a-youth-anti-antisem,research-batch,approved,"$300,000 secured for a youth anti-antisemitism fellowship in Palo Alto",education,2023,Oshman Family Jewish Community Center,3921 Fabian Way,Palo Alto,37.4236389,-122.1034627,"Becker secured $300,000 in the 2023 state budget for the Oshman Family Jewish Community Center in Palo Alto to run its PREP Fellowship, a pilot program preparing teens to counter antisemitism before they head to college.",https://sd13.senate.ca.gov/news/press-release/june-29-2023/legislature-approves-balanced-budget-supports-key-senate-district
https://sd13.senate.ca.gov/news/press-release/june-29-2023/legislature-approves-balanced-budget-supports-key-senate-district#200-000-secured-for-a-redwood-city-youth,research-batch,approved,"$200,000 secured for a Redwood City youth-opportunity program",education,2023,Redwood City Together (PACE program),,Redwood City,37.4820,-122.2280,"Becker secured $200,000 in the 2023 state budget for Redwood City Together's PACE program, which provides mentoring, activities, and support to local 'opportunity youth' who are out of school or work.",https://sd13.senate.ca.gov/news/press-release/june-29-2023/legislature-approves-balanced-budget-supports-key-senate-district
https://sd13.senate.ca.gov/news/press-release/june-29-2023/legislature-approves-balanced-budget-supports-key-senate-district#1-million-secured-to-fix-flood-protectio,research-batch,approved,$1 million secured to fix flood protection for Redwood City mobile home parks,infrastructure,2023,Redwood City mobile home park flood protection (with OneShoreline),,Redwood City,37.5010,-122.2205,"Becker secured $1 million in the 2023 state budget for Redwood City and the county's OneShoreline agency to repair and reinforce flood protections for mobile home parks that had flooded repeatedly because of undersized, failing pumps.",https://sd13.senate.ca.gov/news/press-release/june-29-2023/legislature-approves-balanced-budget-supports-key-senate-district
https://sd13.senate.ca.gov/news/press-release/june-29-2023/legislature-approves-balanced-budget-supports-key-senate-district#1-million-secured-for-water-recycling-in,research-batch,approved,$1 million secured for water recycling in Burlingame,environment,2023,City of Burlingame wastewater reclamation project,,Burlingame,37.5780965,-122.3473099,"Becker secured $1 million in the 2023 state budget for the City of Burlingame to reclaim wastewater and cut demand for drinking water, helping the city prepare for future droughts.",https://sd13.senate.ca.gov/news/press-release/june-29-2023/legislature-approves-balanced-budget-supports-key-senate-district
https://sd13.senate.ca.gov/news/press-release/june-29-2023/legislature-approves-balanced-budget-supports-key-senate-district#200-000-secured-for-solar-streetlights-a,research-batch,approved,"$200,000 secured for solar streetlights and greener infrastructure in Los Altos",energy,2023,City of Los Altos / GreenTown Los Altos,,Los Altos,37.3790629,-122.1165780,"Becker secured $200,000 in the 2023 state budget for the City of Los Altos, with GreenTown Los Altos, to move toward greener infrastructure and convert streetlights — one of the city's biggest energy users — to solar.",https://sd13.senate.ca.gov/news/press-release/june-29-2023/legislature-approves-balanced-budget-supports-key-senate-district
https://sd13.senate.ca.gov/news/press-release/june-27-2024/millions-in-grade-separation-funding-restored-in-state-budget#state-funding-restored-for-the-burlingam,research-batch,approved,State funding restored for the Burlingame Broadway rail crossing,transportation,2024,Burlingame Broadway Grade Separation Project,Broadway & California Drive,Burlingame,37.5871842,-122.3619067,"Becker helped lead 2024 budget negotiations that restored $150 million to a state rail program after it was cut, keeping funding on track for priority Peninsula grade-separation projects — including Burlingame's Broadway crossing, long ranked among California's most dangerous.",https://sd13.senate.ca.gov/news/press-release/june-27-2024/millions-in-grade-separation-funding-restored-in-state-budget
https://sd13.senate.ca.gov/news/press-release/june-27-2024/millions-in-grade-separation-funding-restored-in-state-budget#state-funding-restored-for-the-mountain-,research-batch,approved,State funding restored for the Mountain View Caltrain crossing,transportation,2024,Mountain View Caltrain Grade Separation Project,,Mountain View,37.4046,-122.0989,"Becker helped lead 2024 budget negotiations that restored $150 million to a state rail program after a proposed cut, keeping priority Peninsula grade-separation projects — including Mountain View's Caltrain crossing — eligible to move toward construction and draw federal matching funds.",https://sd13.senate.ca.gov/news/press-release/june-27-2024/millions-in-grade-separation-funding-restored-in-state-budget
https://sd13.senate.ca.gov/news/press-release/june-27-2024/millions-in-grade-separation-funding-restored-in-state-budget#state-funding-restored-for-palo-alto-s-r,research-batch,approved,State funding restored for Palo Alto's rail grade separation,transportation,2024,Connecting Palo Alto Rail Grade Separation Project,,Palo Alto,37.4443293,-122.1598465,"Becker helped lead 2024 budget negotiations that restored $150 million to a state rail program after a proposed cut, keeping the Connecting Palo Alto grade-separation project eligible for state funding and federal matching dollars.",https://sd13.senate.ca.gov/news/press-release/june-27-2024/millions-in-grade-separation-funding-restored-in-state-budget
https://www.paloaltoonline.com/sports/2025/09/29/east-palo-alto-breaks-ground-on-citys-first-regulation-football-field/#2-million-helped-complete-east-palo-alto,research-batch,approved,$2 million helped complete East Palo Alto's first regulation football field,infrastructure,2025,East Palo Alto regulation football field,,East Palo Alto,37.4688273,-122.1410750,"As Bay Area Caucus chair, Becker helped secure the final $2 million needed to complete East Palo Alto's first regulation-size football field, a roughly $4 million community project that broke ground in September 2025.",https://www.paloaltoonline.com/sports/2025/09/29/east-palo-alto-breaks-ground-on-citys-first-regulation-football-field/
https://sd13.senate.ca.gov/news/press-release/september-30-2022/truly-free-community-college-dream-closer-to-reality-in-the#free-tuition-at-san-mateo-county-s-commu,research-batch,approved,"Free tuition at San Mateo County's community colleges (Cañada, CSM, Skyline)",legislation,2022,San Mateo County Community College District,,,,,"Becker authored SB 893 (2022), a state law letting the San Mateo County Community College District use local funds to eliminate tuition at Cañada College, College of San Mateo, and Skyline College. His follow-up SB 968, signed in 2026, made the free-college program permanent.",https://sd13.senate.ca.gov/news/press-release/september-30-2022/truly-free-community-college-dream-closer-to-reality-in-the
https://sd13.senate.ca.gov/news/press-release/september-15-2025/senator-josh-becker-to-announce-doubling-coastal-and-bayside#helped-double-state-funding-for-bay-area,research-batch,approved,Helped double state funding for Bay Area shoreline flood protection ($102 million),environment,2025,Bay Area coastal & shoreline resilience,,,,,"As Bay Area Caucus chair, Becker helped secure a doubling of state funding — to $102 million — for coastal and bay shoreline flood-protection projects across the Bay Area in the 2025 budget, in a county considered California's most vulnerable to shoreline flooding.",https://sd13.senate.ca.gov/news/press-release/september-15-2025/senator-josh-becker-to-announce-doubling-coastal-and-bayside
https://sd13.senate.ca.gov/news/press-release/june-29-2023/legislature-approves-balanced-budget-supports-key-senate-district#500-000-secured-toward-the-90-mile-ohlon,research-batch,approved,"$500,000 secured toward the 90-mile Ohlone-Portolá Heritage Trail",environment,2023,Ohlone-Portolá Heritage Trail (San Mateo County),,,,,"Becker secured $500,000 in the 2023 state budget toward creating the roughly 90-mile Ohlone-Portolá Heritage Trail, which would trace a historic route across San Mateo County. Because it spans the whole county, it's listed here rather than as a single map pin.",https://sd13.senate.ca.gov/news/press-release/june-29-2023/legislature-approves-balanced-budget-supports-key-senate-district
https://sd13.senate.ca.gov/news/newsletters/january-20-2026/vision-to-results-senator-beckers-2025,research-verified,approved,200 laptops distributed to East Palo Alto students to close the digital divide,education,2025,"East Palo Alto laptop distribution (with AT&T, StreetCode Academy, Human-I-T)",,East Palo Alto,37.4652,-122.1414,"In 2025, Senator Becker worked with AT&T, StreetCode Academy, and Human-I-T to distribute 200 laptops to East Palo Alto students and families. The aim was to help close the digital divide, so students without a computer at home aren't left behind on schoolwork or job applications.",https://sd13.senate.ca.gov/news/newsletters/january-20-2026/vision-to-results-senator-beckers-2025
https://sd13.senate.ca.gov/news/newsletters/october-30-2025/creating-change-october-2025,research-verified,approved,Celebrated 10 years of the Genentech–South San Francisco schools STEM partnership,community,2025,Genentech (Futurelab / SSFUSD partnership),1 DNA Way,South San Francisco,37.6585,-122.3865,"Senator Becker joined educators, community leaders, and Genentech employees in South San Francisco to celebrate the 10th anniversary of Futurelab. The program is a long-running partnership between Genentech and the South San Francisco Unified School District that gives local students hands-on STEM education.",https://sd13.senate.ca.gov/news/newsletters/october-30-2025/creating-change-october-2025
